Sl. No.,Awarding Bodies,Total number of qualifications,No. of job roles that have not been assigned NCO codes,Qualification with no NCO code where NCO code has been proposed,Qualifications for which NCO codes are wrongly mapped,_page,_raw
1,DGT,463,0,11,0,47,
2,ASCI,170,42,29,0,47,
3,ASDC,116,27,0,0,47,
4,MESC,100,0,0,0,47,
5,IT-ITES,95,39,39,34,47,
6,Handicraft,93,18,9,27,47,
7,ESSCI,88,54,50,20,47,
8,THSC,77,10,8,16,47,
9,Textile,71,0,10,10,47,
10,RCPSDC,63,48,29,8,47,
11,FICSI,61,27,24,1,47,
12,HSSC,56,13,13,0,47,
13,SCGJ,53,1,1,0,47,
14,NIELIT,52,0,0,0,47,
15,AASSC,51,25,24,16,47,
16,CSDC,57,0,2,0,47,
17,TSSC,49,8,8,10,47,
18,GJSSC,42,0,1,1,47,
19,MEPSC,39,4,0,0,47,
20,CGSC,37,1,1,0,47,
21,Apparel,36,5,0,1,47,
22,LSSC,33,0,0,23,47,
23,Iron,31,13,13,0,47,
24,B&WSSC,30,8,0,0,47,
25,Infra,28,0,0,0,47,
26,PCSC,28,0,10,0,47,
27,LSSSDC,26,1,1,0,47,
28,Mining,26,0,0,0,47,
29,HSSC,21,3,3,0,47,
30,IASC-SSC,14,0,0,0,47,
31,DWSSC,13,0,0,5,47,
,BFSI,13,0,7,0,47,
33,,12,0,0,0,48,
34,Leather,11,0,0,10,48,
35,SCPwD,8,1,1,0,48,
36,WMPSC,6,0,0,0,48,
37,Sports,28,0,0,13,48,
38,Power SSC,28,0,3,0,48,
39,RASCI,19,0,0,2,48,
40,CIPET,37,0,20,0,48,
41,"ASAP, Kerala",9,0,0,5,48,
42,KSDC,23,0,0,0,48,
43,WBSCTVESD,9,1,8,0,48,
44,HARTRON,17,0,0,8,48,
45,JSS,15,0,0,0,48,
